[
  {
    "text": "Main Navigation",
    "heading": "true",
    "translate": "sidebar.heading.HEADER"
  },
  {
    "text": "Home",
    "sref": "app.welcome",
    "icon": "icon-home"
  },


  {
    "text": "Bell Schedule",
    "sref": "app.template",
    "icon": "fa fa-bell",
    "translate": "Bell Schedule"
  },

  {
    "text": "Lunch Menu",
    "sref": "app.navtree",
    "icon": "fa fa-cutlery",
    "translate": "Lunch Menu"
  },

  {
    "text": "Announcements",
    "sref": "app.notifications",
    "icon": "fa fa-bullhorn",
    "translate": "Announcements"
  },

  {
    "text": "School Calendar",
    "sref": "app.whiteframe",
    "icon": "fa fa-calendar",
    "translate": "School Calendar"
  },




  {
    "text": "Clubs/Sports",
    "sref": "app.faq",
    "icon": "fa fa-users",
    "translate": "Clubs/Sports"
  },



  {
    "text": "Bus Schedule",
    "sref": "",
    "icon": "fa fa-bus",
    "translate": "Bus Schedule"
  },

  {
    "text": "School Map",
    "sref": "",
    "icon": "fa fa-map",
    "translate": "School Map"
  },

  {
    "text": "Teacher Availability",
    "sref": "app.carousel",
    "icon": "fa fa-book",
    "translate": "Teacher Availability"
  },

  {
    "text": "Finals Grade Calculator",
    "sref": "app.calendar",
    "icon": "fa fa-calculator",
    "translate": "Finals Grade Calculator"
  },

  {
    "text": "Facility Hours",
    "sref": "app.blog",
    "icon": "fa fa-clock-o",
    "translate": "Facility Hours"
  }


]
